Time,ALKALINITY TOTAL CACO3,ALUMINUM TOTAL,BARIUM EXTRACTABLE,BARIUM TOTAL,BERYLLIUM EXTRACTABLE,BERYLLIUM TOTAL,BORON EXTRACTABLE,CADMIUM EXTRACTABLE,CADMIUM TOTAL,CALCIUM EXTRACTABLE/UNFILTERED,CARBON DISSOLVED INORGANIC,CARBON DISSOLVED ORGANIC,CHLORIDE DISSOLVED,CHROMIUM TOTAL,COBALT EXTRACTABLE,COBALT TOTAL,COLOUR TRUE,COPPER EXTRACTABLE,COPPER TOTAL,GALLIUM EXTRACTABLE,HARDNESS TOTAL (CALCD.) CACO3,LANTHANUM EXTRACTABLE,LEAD EXTRACTABLE,LEAD TOTAL,LITHIUM EXTRACTABLE,LITHIUM TOTAL,MAGNESIUM EXTRACTABLE/UNFILTERED,MANGANESE EXTRACTABLE,MANGANESE TOTAL,MOLYBDENUM TOTAL,NICKEL EXTRACTABLE,NICKEL TOTAL,NITROGEN TOTAL DISSOLVED,PHOSPHORUS TOTAL DISSOLVED,POTASSIUM EXTRACTABLE,RUBIDIUM EXTRACTABLE,SILICON EXTRACTABLE,SILVER EXTRACTABLE,SILVER TOTAL,SODIUM EXTRACTABLE,SPECIFIC CONDUCTANCE,STRONTIUM EXTRACTABLE,STRONTIUM TOTAL,TEMPERATURE (WATER),THALLIUM EXTRACTABLE,TURBIDITY,URANIUM EXTRACTABLE,VANADIUM EXTRACTABLE,VANADIUM TOTAL,ZINC EXTRACTABLE,ZINC TOTAL,IRON TOTAL,FECAL COLIFORMS,TEMPERATURE (AIR),CHROMIUM EXTRACTABLE,PH,CALCIUM DISSOLVED,MAGNESIUM DISSOLVED,ALUMINUM EXTRACTABLE,ANTIMONY EXTRACTABLE,ANTIMONY TOTAL,ARSENIC EXTRACTABLE,ARSENIC TOTAL,BISMUTH EXTRACTABLE,BISMUTH TOTAL,BORON TOTAL,GALLIUM TOTAL,IRON EXTRACTABLE,LANTHANUM TOTAL,MOLYBDENUM EXTRACTABLE,RUBIDIUM TOTAL,SELENIUM EXTRACTABLE,SELENIUM TOTAL,THALLIUM TOTAL,URANIUM TOTAL,CERIUM EXTRACTABLE,CERIUM TOTAL,CESIUM EXTRACTABLE,CESIUM TOTAL,NIOBIUM EXTRACTABLE,NIOBIUM TOTAL,PLATINUM EXTRACTABLE,PLATINUM TOTAL,TIN EXTRACTABLE,TIN TOTAL,TUNGSTEN EXTRACTABLE,TUNGSTEN TOTAL,YTTRIUM EXTRACTABLE,YTTRIUM TOTAL,ALKALINITY GRAN CACO3,PHOSPHORUS TOTAL,OXYGEN DISSOLVED,SULPHATE DISSOLVED,ALKALINITY PHENOLPHTHALEIN CACO3,BROMIDE DISSOLVED,COLOUR APPARENT,FLUORIDE DISSOLVED,ORTHOPHOSPHORUS DISSOLVED,SODIUM DISSOLVED/FILTERED,DISSOLVED NITRITE/NITRATE,NITROGEN KJELDAHL DISSOLVED,POTASSIUM DISSOLVED/FILTERED,SULPHUR DISSOLVED,DISSOLVED NITROGEN NITRATE,NITROGEN KJELDAHL TOTAL,NITROGEN NITRITE,NITROGEN TOTAL,SULPHUR TOTAL,RESIDUE NONFILTERABLE,CHLORIDE,HARDNESS TOTAL,NITRATE AND NITRITE (AS N),SULPHATE,TEMPERATURE WATER (FIELD),TOTAL NITRATE,TITANIUM TOTAL,EUROPIUM TOTAL,GADOLINIUM TOTAL RECOVERABLE,GERMANIUM TOTAL,HAFNIUM TOTAL,HOLMIUM TOTAL,INDIUM TOTAL,IRIDIUM TOTAL,LUTETIUM TOTAL,NEODYMIUM TOTAL,PRASEODYMIUM TOTAL,RUTHENIUM TOTAL,SAMARIUM TOTAL,SCANDIUM TOTAL,TELLURIUM TOTAL,TERBIUM TOTAL,YTTERBIUM TOTAL,ZIRCONIUM TOTAL,PALLADIUM TOTAL,PH (FIELD),ESCHERICHIA COLI,SILICON DISSOLVED,CONDUCTANCE (FIELD),NITRATE (NO3-N),ALUMINUM DISSOLVED,ANTIMONY DISSOLVED,ARSENIC DISSOLVED,BARIUM DISSOLVED,BERYLLIUM DISSOLVED,BISMUTH DISSOLVED,BORON DISSOLVED,CADMIUM DISSOLVED,CERIUM DISSOLVED,CESIUM DISSOLVED,CHROMIUM DISSOLVED,COBALT DISSOLVED,COPPER DISSOLVED,GALLIUM DISSOLVED,IRON DISSOLVED,LANTHANUM DISSOLVED,LEAD DISSOLVED,LITHIUM DISSOLVED,MANGANESE DISSOLVED,MOLYBDENUM DISSOLVED,NICKEL DISSOLVED,NIOBIUM DISSOLVED,PALLADIUM DISSOLVED,PLATINUM DISSOLVED,RUBIDIUM DISSOLVED,SELENIUM DISSOLVED,SILVER DISSOLVED,STRONTIUM DISSOLVED,THALLIUM DISSOLVED,TIN DISSOLVED,TITANIUM DISSOLVED,TUNGSTEN DISSOLVED,URANIUM DISSOLVED,VANADIUM DISSOLVED,YTTRIUM DISSOLVED,ZINC DISSOLVED,AMMONIA DISSOLVED,CARBON TOTAL INORGANIC,CARBON TOTAL ORGANIC,ENTEROCOCCUS,NITROGEN TOTAL ORGANIC (CALCD.),RESIDUE FILTERABLE,RESIDUE TOTAL,SALINITY,NITROGEN DISSOLVED ORGANIC (CALCD.),AMMONIA TOTAL,FLUORIDE TOTAL,ORTHOPHOSPHATE DISSOLVED,NITROGEN TOTAL ORGANIC,NITROGEN INORGANIC TOTAL (CALCD.),SILICA REACTIVE,TOTAL DISSOLVED SOLIDS (FILTERABLE RESIDUE),EUROPIUM DISSOLVED,GADOLINIUM DISSOLVED,GERMANIUM DISSOLVED,HAFNIUM DISSOLVED,HOLMIUM DISSOLVED,INDIUM DISSOLVED,IRIDIUM DISSOLVED,LUTETIUM DISSOLVED,NEODYMIUM DISSOLVED,PRASEODYMIUM DISSOLVED,RUTHENIUM DISSOLVED,SAMARIUM DISSOLVED,SCANDIUM DISSOLVED,TELLURIUM DISSOLVED,TERBIUM DISSOLVED,YTTERBIUM DISSOLVED,ZIRCONIUM DISSOLVED,TURBIDITY (FIELD),OXYGEN DISSOLVED % SATURATION,CYANIDE TOTAL,CYANIDE WEAK ACID DISSOCIABLE,BICARBONATE (CALCD.),CARBONATE (CALCD.),ORGANIC HALIDES (AOX) - ADSORBABLE,COLOUR TOTAL ABSORBANCE,HYDROXIDE (CALCD.),COLIFORMS TOTAL,BROMINE EXTRACTABLE,BROMIDE,GRAN ALKALINITY (AS H+)
2000,71.32285714285715,0.6062589928057553,14.017391304347825,0.022069565217391302,0.0028695652173913043,0.05420289855072464,1.1543478260869566,0.006478260869565217,0.00018768115942028986,20.246043165467626,16.6,3.592753623188406,1.7212068965517242,0.0019514492753623187,0.4438695652173913,0.0007420289855072464,16.261029411764707,0.6752173913043478,0.0019615942028985505,0.018782608695652174,80.02897338129496,1.505304347826087,0.04678260869565218,0.0006405797101449276,1.96,0.0017391304347826085,7.154676258992806,15.348695652173912,0.03798561151079137,0.0007985507246376812,3.324782608695652,0.006385507246376812,0.44162962962962965,0.018260869565217393,1.2589928057553956,0.18756521739130436,4.571438848920863,0.005,0.00010072463768115943,4.143884892086331,170.04347826086956,149.2608695652174,0.1382956204379562,7.841176470588236,0.0012173913043478262,12.160652173913045,0.45152173913043475,0.09434782608695652,0.0020144927536231887,0.7423809523809524,0.0029321167883211677,1.1134420289855071,23.765217391304347,10.191129032258065,0.035,7.874455445544555,,,,,,,0.000328,,,,,,,,,,0.000112,,,,,,,,,,,,,,,,,,0.08228915662650603,11.725714285714284,16.507777777777775,,0.085,,0.05,0.021285714285714283,,,,,,2.971111111111111,,0.01311111111111111,0.3518181818181818,,,,,,,,,,,,,,,,,,,,,,,,,,,,7.46,71.42105263157895,,428.0,,,,,,,,,,,,,,,,,,,,,,,,,,,,,,,,,,,,,,0.0212,,,,,,,,,,,,,,,,,,,,,,,,,,,,,,,,,,,,,,,13.685714285714285,13.172413793103448,,,,,
2001,60.56896551724138,0.6223333333333333,13.485714285714286,0.021149056603773583,0.0030714285714285717,0.05654088050314465,0.7828571428571429,0.0067857142857142855,0.00018789808917197453,22.19873417721519,17.241509433962264,3.064150943396226,1.1924812030075187,0.0017214285714285712,0.3755357142857143,0.0006811320754716982,14.817610062893081,0.7674074074074073,0.0019948717948717947,0.019035714285714288,83.02929936305733,1.3740714285714284,0.05344444444444445,0.0007106918238993711,1.8635714285714287,0.0018547169811320755,6.696794871794872,14.389285714285714,0.0369188679245283,0.0008909774436090225,3.170714285714286,0.002791823899371069,0.21904458598726115,0.011490445859872613,1.1379746835443039,0.17875,3.8097452229299362,0.0051428571428571435,0.00010972222222222224,4.369871794871795,172.36601307189542,144.17857142857142,0.15030817610062894,7.341666666666667,0.0010357142857142859,15.236477987421383,0.4418214285714286,0.033749999999999995,0.0021309677419354836,0.6955555555555556,0.002970063694267516,1.0604018987341772,21.6,8.63312101910828,0.04117857142857143,7.925609756097561,,,,,,,0.0002821428571428571,,,,,,,,,,0.0001142857142857143,,,,,,,,,,,,,,,,,,0.06105882352941177,11.574819277108434,17.35,,0.055,,0.08,0.017407407407407406,,,,,,2.605,,0.0095,0.295,,,,,,,,,,,,,,,,,,,,,,,,,,,,8.33,65.4074074074074,,,,,,,,,,,,,,,,,,,,,,,,,,,,,,,,,,,,,,,,0.02180769230769231,,,,,,,,,,,,,,,,,,,,,,,,,,,,,,,,,,,,,,,17.4,13.936170212765957,,,,,
2002,82.83829787234043,0.9233128834355828,13.607727272727272,0.02595766871165644,0.004399999999999999,0.0645398773006135,1.024,0.006227272727272728,0.00018703703703703704,21.235087719298246,20.863157894736844,3.474545454545454,2.9069444444444446,0.002530322580645161,0.24181818181818182,0.0009877300613496934,16.653614457831324,0.6331818181818182,0.002725925925925926,0.012,82.3619770909091,0.9901363636363637,0.045181818181818184,0.0008826086956521739,1.7904545454545455,0.0023018404907975457,11.87719298245614,10.934,0.052001863354037274,0.0008024999999999999,2.494090909090909,0.007098148148148148,0.6003726708074534,0.01469277108433735,1.8122807017543858,0.2931818181818182,5.9001754385964915,0.005272727272727273,0.00010925925925925926,6.824561403508772,175.61676646706587,139.51818181818183,0.13747361963190186,8.098809523809523,0.0011363636363636365,21.32709090909091,0.4135909090909091,0.07480952380952381,0.0028466257668711657,0.49428571428571433,0.004342767295597484,1.5829086956521738,30.04385964912281,10.097604790419162,0.07904761904761906,7.905838926174497,20.14814814814815,5.280462962962963,,,,,0.00029166666666666664,,,,,,,,,,0.00010277777777777778,,,,,,,,,,,,,,,,,,0.05261855670103093,11.308271604938271,18.304166666666667,,0.0525,43.648648648648646,0.04958333333333333,0.020242857142857142,2.471111111111111,,,,,2.9568181818181816,,0.007541666666666666,0.32842105263157895,,,,,,,,,,,,,,,,,,,,,,,,,,,,,91.78947368421052,,,,,,,,,,,,,,,,,,,,,,,,,,,,,,,,,,,,,,,,0.01,,,,,,,,,,,,,,,,,,,,,,,,,,,,,,,,,,,,,,,8.987368421052631,43.55555555555556,,,,,
2003,88.10204081632654,584.3812628571429,13.691304347826087,21.732908620689656,0.003217391304347826,0.025741379310344828,0.7772727272727273,0.004260869565217392,0.019155747126436782,21.1,28.200000000000003,3.365868263473054,3.584,1.363530459770115,0.19730434782608697,0.567952,16.44047619047619,0.5356521739130435,1.731465317919075,0.007130434782608696,88.89039059523809,0.9564782608695651,0.04908695652173913,0.350498224852071,1.7373913043478262,1.7511234285714286,22.123076923076926,9.970476190476191,39.03324628571429,0.7306417142857143,2.3286956521739133,5.142625142857143,0.7530147058823529,0.014244186046511629,3.0653846153846156,0.2008695652173913,9.808846153846154,0.002043478260869565,0.0071285714285714286,11.026923076923076,188.10285714285715,140.56521739130434,129.51693448275861,8.938857142857142,0.0012608695652173913,13.726781609195402,0.39331818181818184,0.04117391304347826,1.684396,0.4059090909090909,2.5502593023255815,938.5741342857142,40.673758865248224,11.716860465116278,0.05530434782608696,7.923779069767442,22.06056338028169,5.772464788732394,71.71052631578948,0.004928571428571429,0.052068376068376075,0.09,0.6509496644295302,0.0014210526315789472,0.005662068965517242,9.58896551724138,0.1747448275862069,48.1578947368421,0.6355379310344828,0.06310526315789473,1.4721379310344829,0.07277777777777777,0.17014642857142856,0.007537931034482758,0.46340763888888886,,,,,,,,,,,,,,,,0.05192527472527472,10.876086956521739,19.01818181818182,,0.05678571428571429,27.358490566037737,0.07115384615384615,0.01822077922077922,2.8413043478260867,0.02614285714285714,,,,2.625857142857143,,0.010678571428571428,0.2859090909090909,,,,,,,,,,,,,,,,,,,,,,,,,,,,,42.96296296296296,,,,,,,,,,,,,,,,,,,,,,,,,,,,,,,,,,,,,,,,0.00896551724137931,,,,,,,,,,0.054000000000000006,,,,,,,,,,,,,,,,,,,,,,,,,0.0005,0.0005,,,0.1,,,,,,
2004,59.96571428571429,729.1416666666668,9.434375000000001,23.47839378238342,0.0032244897959183673,0.018203125,0.9630434782608696,0.005333333333333333,0.022405263157894734,20.37391304347826,27.752173913043475,3.7458333333333336,2.945604395604396,1.8797225130890052,0.15277551020408162,0.6862331606217618,13.125,0.535,1.9578534031413612,0.01942857142857143,78.70786994791666,0.547265306122449,0.056125,0.3730159574468085,1.0791666666666666,1.8129533678756475,21.543478260869566,6.872857142857143,41.998958333333334,0.8250677083333334,1.3810204081632653,7.410677083333333,1.808936170212766,0.014066985645933014,3.2217391304347824,0.2551063829787234,10.097391304347827,0.0019375,0.00733160621761658,11.382608695652175,163.05238095238096,81.97469387755102,138.26770833333333,9.159154929577465,0.0015624999999999999,14.375761904761903,0.2384166666666667,0.21347916666666666,1.8805156250000001,0.6,3.3497354497354497,1046.4421875,45.702564102564104,11.896244131455399,0.08428571428571428,7.807227722772277,19.539823529411766,5.2244117647058825,117.31632653061224,0.009892857142857142,0.05710810810810811,0.14791666666666667,0.5831606217616581,0.0013404255319148935,0.005098958333333333,7.0265625,0.17372916666666668,87.86458333333333,0.5333886010362694,0.1504375,1.2561979166666666,0.051836734693877555,0.15590673575129532,0.007598958333333333,0.41896632124352334,0.5855681818181818,1.1845594405594406,0.009186046511627908,0.05326573426573426,0.002325581395348837,0.034401408450704225,0.001069767441860465,0.0010352112676056337,0.005380952380952381,0.008571428571428572,0.00525,0.011405940594059406,0.23054545454545455,0.48068531468531467,4.335714285714286,0.051014173228346456,10.480898876404494,11.133333333333333,,0.05260869565217391,38.58695652173913,0.0791304347826087,0.019763440860215056,2.5624000000000002,0.088125,,,,2.9099999999999997,,0.01173913043478261,0.2840740740740741,,2.6666666666666665,,,,,,,,,,,,,,,,,,,,,,,,,,,159.1153846153846,,,,,,,,,,,,,,,,,,,,,,,,,,,,,,,,,,,,,,,,0.0136,,,158.27777777777777,,48.666666666666664,,,,,0.03138888888888889,,,,,,,,,,,,,,,,,,,,,,,,,0.0013260869565217392,0.0005130434782608695,,,0.1,,,1717.2222222222222,,,
2005,55.61944444444444,693.3000000000001,9.886266666666668,22.096752136752137,0.005219178082191781,0.019397435897435897,4.343421052631579,0.007186666666666667,0.021506493506493505,21.141935483870967,27.40967741935484,3.6665236051502146,2.786324786324786,2.050207792207792,0.2124054054054054,0.7852564102564102,14.718884120171674,0.7847945205479452,2.0343043478260867,0.06076712328767123,72.5717793939394,0.42261333333333334,0.1051111111111111,0.3679383259911895,0.9315068493150684,1.6247863247863248,20.06551724137931,10.43171052631579,45.89427350427351,0.8289785407725321,1.1600000000000001,8.965043103448275,1.3423863636363635,0.016951219512195123,3.8225806451612905,0.5246666666666667,9.725161290322582,0.0017866666666666669,0.007238095238095238,10.061290322580644,155.18072289156626,66.52,119.7731330472103,8.637448559670782,0.002,13.474819277108434,0.19876133333333332,0.7461333333333333,2.035294871794872,1.0046268656716417,3.1585398230088497,1086.9652360515022,106.06912442396313,11.795901639344262,0.20730555555555555,7.6553191489361705,17.79148514851485,4.6480198019801975,285.44933333333336,0.02608695652173913,0.05288359788359788,0.24266666666666667,0.5816309012875537,0.001394736842105263,0.00406896551724138,8.66969696969697,0.1688051948051948,251.82027027027027,0.543508547008547,0.43178666666666665,1.2880769230769231,0.052500000000000005,0.13623931623931623,0.006452991452991453,0.3579760683760684,0.47,1.0752970297029703,0.01738666666666667,0.05224630541871921,0.008814285714285714,0.032407035175879395,0.0010135135135135136,0.0010147783251231528,0.005891891891891892,0.008323383084577115,0.01557377049180328,0.013024691358024691,0.2034078947368421,0.44461083743842367,6.3566666666666665,0.06529760479041916,10.317177419354838,9.41530612244898,,0.054137931034482764,33.775510204081634,0.06064516129032258,0.024382113821138213,2.464074074074074,0.06419318181818182,0.19230769230769232,,,2.9349999999999996,,0.04320689655172413,0.24425531914893617,,7.958333333333333,,,,,,,,,,,,,,,,,,,,,,,,,,,124.68131868131869,,,,,,,,,,,,,,,,,,,,,,,,,,,,,,,,,,,,,,,,0.009686567164179104,,,389.0,0.16102564102564104,58.69565217391305,,,,,0.06709302325581395,,,,,,,,,,,,,,,,,,,,,,,,,0.007536,0.000692,,,0.075,,,4820.0,,,
2006,52.43,652.0141630901287,9.175797101449275,22.486137339055794,0.005521739130434783,0.01742857142857143,5.489855072463769,0.007073529411764706,0.02217467248908297,19.490909090909092,21.04047619047619,3.296638655462185,3.125106382978723,1.7280173160173162,0.15139130434782608,0.638763948497854,10.464730290456432,0.7395652173913043,1.8701731601731602,0.0626231884057971,77.20264317180617,0.1994927536231884,0.253875,0.4459955947136564,0.7434782608695651,1.5918454935622317,20.254545454545454,8.936666666666667,42.136094420600855,0.9646824034334763,0.6395522388059701,6.980389610389611,0.7430573248407643,0.016301204819277108,3.0749999999999997,0.614927536231884,9.9425,0.002953846153846154,0.007748878923766816,9.883333333333333,159.544,51.56130434782609,126.9820600858369,9.133333333333333,0.0022205882352941174,13.28856,0.14955942028985506,0.8056521739130436,1.931198275862069,0.9774626865671641,2.7414159292035403,965.0622317596567,191.9322033898305,12.461802575107296,0.24008823529411766,7.786651583710407,19.422638888888887,6.18287037037037,282.2855072463768,0.03514705882352941,0.05067381974248927,0.2708695652173913,0.5925862068965517,0.0016764705882352942,0.004085836909871244,9.573390557939915,0.15542918454935623,254.64264705882354,0.419343347639485,0.5698550724637681,1.2718884120171674,0.06043478260869565,0.15914163090128755,0.006146551724137931,0.38585665236051503,0.2494927536231884,0.8211764705882353,0.018405797101449274,0.04535746606334841,0.008550724637681159,0.025294117647058825,0.001,0.0010135746606334843,0.006028985507246377,0.0076500000000000005,0.017750000000000002,0.013054794520547945,0.12869565217391304,0.3591085972850679,4.486666666666666,0.04863762886597939,10.498689655172413,9.670535714285714,0.5,0.09214285714285715,28.953488372093023,0.05814814814814815,0.020581560283687943,5.6454545454545455,0.4454166666666667,0.15000000000000002,2.8823529411764706,,2.0705238095238094,,0.029047619047619048,0.1883582089552239,,7.948717948717949,,,,,,,,,,,,,,,,,,,,,,,,,,8.2,159.8985507246377,,99.0,,,,,,,,,,,,,,,,,,,,,,,,,,,,,,,,,,,,,,0.009477611940298508,10.507692307692308,3.6384615384615384,503.61538461538464,0.13164179104477614,57.5,74.3076923076923,0.3584615384615385,,,0.08144444444444444,,,,,,,,,,,,,,,,,,,,,,,,,0.000591304347826087,0.0005,,,0.06604166666666667,,,2895.5555555555557,,,
2007,54.37867647058823,785.503187250996,10.28361111111111,23.06047619047619,0.006694444444444444,0.020722222222222225,4.472222222222222,0.0064285714285714285,0.017876984126984127,,19.844,3.4278884462151393,3.0022522522522523,2.037772,0.1686388888888889,0.763410358565737,14.246031746031745,0.763611111111111,2.09632,0.06833333333333333,69.43959183673469,0.2637222222222222,0.32008333333333333,0.4225564516129032,1.0861111111111112,1.5031746031746032,,11.8175,45.194603174603174,0.9055396825396825,1.0294444444444446,8.432788844621514,0.5128215767634855,0.023964,,0.6291666666666667,,0.0023142857142857145,0.0062771084337349395,,146.4980079681275,82.69777777777777,115.24027777777778,7.836734693877551,0.00290625,13.311952191235061,0.2593138888888889,0.9244166666666668,2.0747131474103586,0.9542857142857143,3.2098785425101215,1066.58,119.15163934426229,9.633472803347281,0.29514285714285715,7.817063492063492,17.54665306122449,6.222204081632653,294.80277777777775,0.03269444444444444,0.051623015873015876,0.2925,0.563,0.0015277777777777779,0.004155378486055777,8.219047619047618,0.1926175298804781,306.80833333333334,0.5332279999999999,0.4989428571428572,1.219047619047619,0.07027777777777779,0.14857142857142855,0.012834745762711864,0.3236551587301587,0.2723611111111111,0.9583160000000001,0.016388888888888887,0.04667857142857143,0.013277777777777777,0.028621513944223107,0.0010285714285714286,0.001072,0.006111111111111111,0.010914285714285713,0.012166666666666666,0.010256,0.16608333333333333,0.4295277777777778,3.1653846153846152,0.048382266009852216,10.364625850340136,11.084,0.5242424242424243,0.06757575757575758,50.27777777777778,0.062307692307692314,0.026255172413793104,5.9743859649122815,0.7322189781021898,0.16796460176991151,2.972692307692308,4.5,1.7689583333333332,0.12666666666666668,0.018354166666666668,0.4015068493150685,,10.795918367346939,,,,,,,,,,,,,,,,,,,,,,,,,,,180.70454545454547,9.224444444444444,,,,,,,,,,,,,,,,,,,,,,,,,,,,,,,,,,,,,,,0.006490909090909091,10.672727272727274,4.057142857142857,446.58,0.15173913043478263,68.5,79.45454545454545,0.056363636363636366,0.11980769230769231,,,,,,,,,,,,,,,,,,,,,,,,,,,0.0006000000000000001,0.0005,116.52631578947368,0.5526315789473685,0.07694444444444444,,0.5,3197.6923076923076,,,
2008,53.41913043478261,620.1923387096774,,22.442298387096773,,0.01799595141700405,,,0.016870967741935486,,20.69782608695652,3.163008130081301,3.029130434782609,1.9497258064516128,,0.7405524193548387,12.137096774193548,,1.9239919354838708,,70.46491935483871,,,0.40353909465020577,,1.4084677419354839,,,42.89842741935484,0.8577862903225806,,8.311814516129031,0.4464935064935065,0.022829268292682926,,,,,0.00742741935483871,,152.28512396694214,,117.33939516129031,8.24090909090909,,11.120967741935484,,,1.8111048387096773,,2.7308467741935485,990.7516129032258,123.95575221238938,9.946090534979424,,7.840816326530613,17.912580645161288,6.315555555555556,,,0.048,,0.547165991902834,,0.003910931174089069,7.827822580645161,0.165008064516129,,0.5290282258064517,,1.1752822580645161,,0.1440322580645161,0.007201612903225806,0.3373072580645161,,0.8993185483870968,,0.04296370967741935,,0.023435483870967742,,0.001,,0.006745967741935484,,0.009939516129032258,,0.40900000000000003,3.24,0.041679213483146065,10.47289156626506,11.752727272727272,,0.30000000000000004,27.954545454545453,0.07276190476190476,0.024122137404580152,3.2600000000000002,0.3908928571428571,0.14708333333333334,,,1.4281555555555554,0.21294117647058824,0.019934782608695654,0.8353260869565217,,7.465116279069767,,,,,,,,,,,,,,,,,,,,,,,,,,,200.11864406779662,,,,,,,,,,,,,,,,,,,,,,,,,,,,,,,,,,,,,,,,0.006368421052631579,11.50909090909091,3.8545454545454545,236.6,0.10870967741935485,69.31818181818181,95.18181818181819,0.06454545454545454,0.10217948717948719,,,,,,,,,,,,,,,,,,,,,,,,,,,0.0005411764705882352,0.0005058823529411764,,,0.07291666666666667,,,6547.5,,,
2009,54.65403225806452,658.5321568627452,,24.230509803921567,,0.0203125,,,0.02437007874015748,,20.400000000000002,3.6140077821011674,3.5234375,2.0243515625,,0.7984078431372549,14.98062015503876,,2.206666666666667,,71.08146718146718,,,0.5254133858267717,,1.4674509803921567,,,48.806102362204726,0.9646679841897233,,7.980901960784315,0.4933463035019455,0.021386454183266932,,,,,0.00615625,,160.66666666666666,,123.87106299212599,8.47193675889328,,15.372586872586872,,,2.08381568627451,,3.50288,1143.3592156862744,120.35775862068965,10.885603112840467,,7.832432432432432,18.14864864864865,6.253891050583658,,,0.05207058823529412,,0.6121568627450981,,0.00444140625,8.346825396825396,0.18818431372549022,,0.5378705882352942,,1.2675984251968502,,0.16535433070866143,0.008117647058823528,0.36431422924901186,,0.9849450980392157,,0.04999607843137255,,0.022176470588235294,,0.001011764705882353,,0.00904724409448819,,0.010494071146245058,,0.46065098039215685,3.408333333333333,0.05064225941422594,10.477272727272727,11.004464285714286,,0.35000000000000003,52.19298245614035,0.06862068965517241,0.018626984126984127,4.0696902654867255,0.3657953667953668,0.12627906976744185,1.162488888888889,5.013333333333334,0.4126666666666666,0.15269406392694063,0.005741784037558686,0.5624657534246575,,12.964912280701755,,,,,,,,,,,,,,,,,,,,,,,,,,7.771428571428571,135.06106870229007,,182.11111111111111,,137.81666666666666,0.09519999999999999,0.7000000000000001,31.233333333333334,0.006166666666666667,0.0018333333333333333,25.866666666666664,0.011166666666666667,0.1755,0.013,0.7160000000000001,0.4031666666666667,,0.04066666666666666,321.8333333333333,0.08866666666666667,0.09266666666666667,1.1333333333333335,49.833333333333336,0.7085,13.93,0.008833333333333334,,0.001,1.16,0.215,0.002,121.36666666666667,0.006666666666666667,0.009,,0.0065,0.06171666666666667,0.7508333333333334,0.125,1.3849999999999998,0.011421052631578948,12.52608695652174,4.27391304347826,194.6,0.11493333333333335,67.2,94.95652173913044,0.06652173913043478,0.10884615384615384,,,,,,,,,,,,,,,,,,,,,,,,,,,0.0005200000000000001,0.000504,,,0.043722222222222225,,,,,,
2010,52.25736434108527,470.56733067729084,,19.86215139442231,,0.013804780876494024,,,0.01636144578313253,,18.179545454545455,3.2524193548387097,2.638306451612903,2.5490278884462154,,0.808936,15.717131474103585,,1.7726506024096385,,65.64661354581673,,,0.35521138211382114,,1.23398406374502,,,38.17756,0.8944160000000001,,12.75624,0.47975409836065575,0.013367768595041322,,,,,0.005040160642570281,,148.33466135458167,,111.66884462151395,9.064390243902439,,12.197609561752987,,,1.4911155378486054,,2.456626016260163,892.3088,123.03111111111112,11.40223107569721,,7.79276,17.118761467889907,6.230059907834101,,,0.046712000000000004,,0.5408764940239044,,0.003372,8.244223107569722,0.1248605577689243,,0.371036,,1.1438804780876493,,0.13760956175298805,0.0069960000000000005,0.29946385542168674,,0.6251832669322709,,0.03763346613545816,,0.02091633466135458,,0.001,,0.008268000000000001,,0.010256,,0.2927808764940239,3.596,0.04586734693877551,10.31899441340782,10.633620689655173,,0.3844000000000001,32.410714285714285,0.06232758620689655,0.013478991596638656,3.9292385321100913,0.326124,0.15211155378486055,1.196380733944954,6.153846153846154,0.32045999999999997,0.20133064516129032,0.006725099601593626,0.5222857142857142,4.8573,20.864197530864196,,,,,,,,,,,,,,,,,,,,,,,,,,7.720000000000001,128.0390625,2.791,143.66666666666666,,29.516666666666666,0.08116,0.7220833333333333,33.036,0.00328,0.00108,35.996,0.00572,0.03745833333333334,0.00336,0.587375,0.37333333333333335,,0.010125,288.3875,0.01975,0.056565217391304344,1.7452,69.2,0.62,17.104,0.0026,,0.001,0.97652,0.17600000000000002,0.00192,126.36399999999999,0.008916666666666666,0.005166666666666667,,0.00752,0.036684,0.5059583333333334,0.050583333333333334,1.0225,0.029901408450704228,10.036363636363637,3.9458333333333333,222.4406779661017,0.12233766233766234,59.82222222222222,78.46153846153847,0.049705882352941176,0.08688311688311688,,,,,,,,,,,,,,,,,,,,,,,,,24.0,,0.000545,0.000545,,,0.013055555555555556,,,,,,
2011,52.112565789473685,599.8557553956834,,22.05320143884892,,0.020428057553956835,,,0.022458483754512634,,26.428,3.441906474820144,2.979710144927536,1.644115523465704,,0.7066223021582734,18.817204301075268,,2.3555797101449274,,63.75827338129496,,,0.8069962962962963,,1.335431654676259,,,45.51894927536232,0.8729460431654676,,6.138483754512636,0.5515494071146245,0.017489818181818183,,,,,0.0067978339350180505,,144.06870503597122,,108.82780575539569,7.8221897810218985,,16.844064748201436,,,1.9214676258992807,,3.4090579710144926,1051.4435251798561,90.54545454545455,8.996775362318841,,7.736376811594202,16.404565217391305,5.578236363636364,,,0.05033695652173913,,0.5783093525179857,,0.005140794223826715,7.560431654676259,0.17308273381294964,,0.5655863309352518,,1.2803525179856114,,0.14953237410071943,0.007873646209386282,0.33735431654676257,,1.0441552346570397,,0.054613718411552346,,0.02229136690647482,,0.001,,0.009745454545454547,,0.010392086330935251,,0.4818129496402877,3.069565217391304,0.06087822580645161,11.067414634146342,9.495104895104895,,0.2032,,0.056635802469135806,0.01536904761904762,3.835155797101449,0.3448521582733813,0.18103937007874016,1.0972971014492754,,0.34062238267148015,0.2520863309352518,0.006553956834532374,0.5695474452554745,4.278808664259928,32.96577777777778,,,,,,,,,,,,,,,,,,,,,,,,,,7.7612499999999995,99.96078431372548,2.6950000000000003,146.91666666666666,,56.45526315789474,0.06663157894736842,0.5744736842105262,26.49473684210526,0.005026315789473684,0.0013157894736842105,25.594736842105263,0.009473684210526315,0.09313157894736843,0.0050526315789473685,0.3705263157894737,0.2665526315789474,,0.01786842105263158,235.1184210526316,0.049710526315789476,0.048210526315789475,1.5723684210526316,56.81763157894737,0.6567105263157894,9.184736842105263,0.0031052631578947372,,0.001,0.8701052631578947,0.13473684210526315,0.0015789473684210526,112.2578947368421,0.005657894736842105,0.005947368421052632,,0.00718421052631579,0.09255263157894737,0.5452631578947368,0.08028947368421054,0.7749999999999999,0.021402678571428572,,4.2095652173913045,70.92307692307692,0.1565,66.6086956521739,,0.057857142857142864,0.12401315789473685,,,,,,,,,,,,,,,,,,,,,,,,,,,0.0012539473684210526,0.0005552631578947368,,,,,,,,,
2012,48.7493288590604,575.8525179856115,,21.453202846975092,,0.01996797153024911,,,0.022985714285714286,,26.160454545454545,3.5469824561403507,2.7223591549295776,2.0186690647482015,,0.7897706093189965,19.178321678321677,,2.318453237410072,,64.0898951048951,,,0.5385787545787546,,1.3584341637010675,,,43.42196428571428,0.8571743772241993,,8.233763440860216,0.49269615384615384,0.018176595744680852,,,,,0.006288256227758007,,143.87438596491228,,112.9238078291815,8.633777777777777,,16.87591549295775,,,1.9002857142857144,,3.3254545454545457,1065.965107913669,85.74626865671642,10.031118881118882,,7.817202797202796,16.82297202797203,5.362832167832168,,,0.04914946619217082,,0.5820284697508897,,0.005405693950177936,6.910469314079423,0.16636917562724016,,0.5612078853046595,,1.3236690391459076,,0.15569395017793594,0.008632142857142857,0.35581814946619217,,1.0352867383512545,,0.05509642857142857,,0.023071428571428573,,0.00100355871886121,,0.007648745519713261,,0.9498960573476704,,0.47492473118279566,3.3684,0.060889811320754716,10.74725388601036,9.905373134328359,,0.1,,0.05858536585365854,0.021078861788617884,3.8588986013986015,0.2760391608391608,0.19673846153846153,1.133217543859649,,0.27021433566433567,0.22369473684210525,0.006904195804195804,0.49961971830985913,4.245524475524475,32.030985915492955,,,,,,,,,,,,,,,,,,,,,,,,,,7.553333333333334,78.66883116883118,,119.6,,46.32857142857143,0.06861111111111112,0.55,24.102777777777778,0.0044444444444444444,0.0011111111111111111,23.202777777777776,0.009342857142857144,0.0706,0.004,0.3827777777777778,0.23951428571428574,0.96,0.014611111111111111,207.05833333333334,0.0378,0.04377142857142857,1.2988888888888888,38.86257142857143,0.6232500000000001,9.152222222222223,0.0025833333333333333,,0.001,0.8490555555555556,0.13361111111111112,0.0017714285714285714,99.64194444444445,0.006742857142857143,0.005138888888888889,,0.007555555555555556,0.08186,0.5002777777777778,0.06745714285714287,0.6028571428571429,0.02792638888888889,,4.071739130434783,58.76923076923077,0.18200980392156865,59.578947368421055,,0.0642857142857143,0.17967532467532468,,,,,,,,,,,,,,,,,,,,,,,,,,,0.0005245652173913043,0.0005304347826086957,,,,,,,0.0414375,,
2013,51.882333333333335,524.5595505617978,,21.885318352059926,,0.019852272727272725,,,0.02105243445692884,,27.680769230769233,3.482985611510791,2.8789568345323744,1.770827067669173,,0.7182443609022556,16.03942652329749,,2.197509433962264,,64.70508960573477,,,0.8237018867924528,,1.3328464419475656,,,43.96154135338346,0.8776052631578948,,6.934473684210526,0.545213389121339,0.017328735632183907,,,,,0.006462406015037594,,145.27562724014336,,107.96958801498128,9.235595667870037,,14.793129496402877,,,1.8331947565543072,,2.913207547169811,1002.058052434457,110.26848249027238,10.675913978494624,,7.781618705035971,16.749713261648747,5.554508960573477,,,0.04935205992509363,,0.5497378277153558,,0.004475655430711611,7.9760456273764255,0.15760902255639098,,0.5167940074906368,,1.302988764044944,,0.16087786259541983,0.008112359550561797,0.38166479400749065,,0.9770449438202247,,0.0537003745318352,,0.023823970037453183,,0.0010786516853932586,,0.008393939393939395,,0.03197003745318352,,0.43080898876404494,3.7843999999999998,0.05550574712643678,10.64049504950495,9.82624548736462,,,,0.05395238095238095,0.01795859375,3.9472724014336915,0.3244543165467626,0.1780395256916996,1.1189498207885304,,0.31940322580645164,0.210985559566787,0.0052136200716845875,0.5503740458015267,4.178136200716846,23.060649819494586,,,,,,,,,,,,,,,,,,,,,,,,,,7.669999999999999,67.07051282051282,,114.07777777777778,,41.61025641025641,0.0667948717948718,0.5428205128205129,26.648717948717948,0.0056410256410256415,0.0010789473684210526,27.561538461538465,0.007666666666666666,0.07430769230769231,0.004461538461538461,0.2907692307692308,0.22705128205128206,0.928695652173913,0.013615384615384616,188.1820512820513,0.04,0.03420512820512821,1.4771794871794872,46.73230769230769,0.633078947368421,8.862820512820512,0.002512820512820513,,0.001,0.8396666666666667,0.17461538461538462,0.001435897435897436,111.00769230769231,0.004,0.005421052631578948,,0.0066410256410256415,0.08883076923076923,0.4757692307692308,0.06569230769230769,0.6974358974358975,0.028472023809523808,,4.236086956521739,34.0,0.20326470588235296,68.13636363636364,,0.05285714285714286,0.16582894736842105,,,,,,,,,,,,,,,,,,,,,,,,,,,0.0005589285714285714,0.0005973333333333334,,,,,,,0.04380769230769231,,
2014,51.20616915422886,590.0816326530612,,21.423081395348838,,0.02020234604105572,,,0.0206099706744868,,28.144000000000002,3.2900872093023255,2.5295,1.7973235294117649,,0.7351257309941521,14.132463768115942,,2.526627565982405,,65.24988372093023,,,0.4839323529411765,,1.4518075801749273,,,40.72279883381924,0.8479738372093023,,6.509561403508772,0.4599842271293375,0.02687130177514793,,,,,0.006032163742690059,,145.65697674418604,,118.36639534883722,10.060204678362574,,16.211661807580175,,,1.9189795918367347,,3.04188790560472,1002.6633431085045,143.31058020477815,11.942772861356932,,7.824431486880467,17.44857558139535,5.2659040697674415,,,0.051967930029154515,,0.5395930232558139,,0.005956395348837209,6.891253644314868,0.17224198250728864,,0.5364590643274854,,1.3952558139534885,,0.15598837209302327,0.008776162790697675,0.3679177842565598,,1.008748538011696,,0.06013081395348837,,0.028953216374269005,,0.0010348837209302325,,0.00860058309037901,,0.020622093023255815,,0.4282157434402332,4.459615384615384,0.06011788856304985,10.347472924187725,10.223808139534883,,,,0.05442081447963801,0.02716439393939394,3.610549418604651,0.2899805232558139,0.155259375,1.0926686046511627,,0.2852151603498542,0.19093623188405798,0.006169186046511627,0.48004105571847505,4.226918604651162,23.392690058479534,,,,,,,,,,,,,,,,,,,,,,,,,,7.824375,153.1067415730337,,116.22,,54.008823529411764,0.04776470588235294,0.3340196078431373,15.089117647058822,0.0030980392156862747,0.0011274509803921569,11.213725490196078,0.007323529411764706,0.08672549019607843,0.007245098039215686,0.22264705882352942,0.11566666666666667,1.2647058823529411,0.016166666666666666,96.61470588235295,0.050176470588235295,0.041009803921568624,1.099607843137255,16.623823529411762,0.5988627450980393,3.882941176470588,0.0029509803921568627,,0.001019607843137255,0.8065686274509803,0.10892156862745098,0.0011782178217821784,115.35882352941177,0.0028137254901960786,0.006980392156862744,,0.02099019607843137,0.1597558823529412,0.35273529411764704,0.06005882352941177,0.5490196078431373,0.029342533936651583,,2.627466666666667,41.61538461538461,0.1691012658227848,64.38235294117646,80.0,0.05,0.1318796992481203,,,,,,2.75,,,,,,,,,,,,,,,,,,,5.6454545454545455,,0.00078,0.0007492156862745098,,,,,,,0.04580769230769231,,
2015,51.57167381974249,401.1286885245902,,18.56111111111111,,0.014387533875338754,,,0.015516304347826087,,26.516,3.0062365591397846,2.694375,1.105,,0.5252059620596206,25.159504132231405,,2.080923913043478,,62.89880503144654,,,0.5205994550408719,,1.2694850948509484,,,32.2059891598916,0.8100514905149051,,4.163360433604336,0.4167369942196532,0.01686448087431694,,,,,0.004696476964769648,,143.56091644204852,,116.04051490514904,5.536687898089172,,9.01611859838275,,,1.3812032520325204,,2.2346049046321528,700.6981029810298,93.39799331103679,11.565702005730659,,7.839301075268817,17.74109164420485,4.961619946091644,,,0.045693766937669376,,0.4558695652173913,,0.004178861788617886,6.634146341463414,0.1177560975609756,,0.45731436314363144,,1.186130081300813,,0.14544715447154472,0.006363143631436314,0.3336614130434783,,0.7888590785907859,,0.044295392953929535,,0.01678861788617886,,0.001,,0.007663956639566395,,0.7051766304347826,,0.34387804878048783,3.69,0.03809972602739726,10.655220125786164,8.2859375,,,,0.047414414414414414,0.026324999999999998,3.8890026954177896,0.31913375,0.138781512605042,1.672824797843666,,0.313795,0.1509764705882353,0.003868010752688172,0.4112291105121294,3.7828749999999998,18.902964959568735,2.4919811320754715,66.09438679245284,0.24319339622641512,11.621509433962263,12.24270531400966,0.2428601895734597,,,,,,,,,,,,,,,,,,,,7.876666666666667,127.55,,135.70000000000002,0.005,40.82636363636363,0.04700909090909091,0.3165178571428572,14.600892857142856,0.002267857142857143,0.0010982142857142857,12.367857142857144,0.005330357142857143,0.06679464285714286,0.0059642857142857145,0.1861607142857143,0.09136607142857144,1.0746846846846847,0.01269642857142857,83.44196428571429,0.0401875,0.029928571428571426,1.1517857142857142,15.626785714285715,0.6645982142857143,3.178035714285714,0.00175,,0.001,0.7624017857142856,0.11875000000000001,0.0012410714285714286,121.73348214285714,0.0024375,0.005383928571428572,,0.0098125,0.1646857142857143,0.31516964285714283,0.05558035714285714,0.46249999999999997,0.020735714285714284,25.75,2.612043010752688,151.7,0.13153881278538812,72.77551020408163,89.74285714285715,0.691047619047619,0.1360964467005076,0.01817898550724638,0.050630434782608695,0.013408641975308644,0.22399999999999998,,,69.85714285714286,,,,,,,,,,,,,,,,,,0.5813636363636364,,0.0026575,0.002456,,,,,,,0.040363636363636365,0.05,0.12733333333333335
2016,51.77513513513513,417.80283911671927,,18.76780564263323,,0.013721003134796237,,,0.015028301886792453,,28.12,3.605360501567398,,1.2239811912225704,,0.5719843260188088,15.533123028391167,,1.9009235668789808,,,,,0.43323899371069186,,1.2924137931034483,,,33.60407523510972,0.8033009404388715,,5.2442138364779876,0.44859121621621617,0.01278343949044586,,,,,0.005043887147335423,,144.80062695924767,,112.47451410658309,,,9.81769716088328,,,1.439297805642633,,2.3546031746031746,701.9899686520375,95.51079136690647,13.09224358974359,,7.8168338557993735,17.20275786163522,5.27858934169279,,,0.04657142857142857,,0.4677358490566038,,0.0037147335423197494,7.022257053291535,0.1185423197492163,,0.5387711598746081,,1.163639498432602,,0.15050156739811912,0.006225705329153605,0.35759591194968554,,0.8651128526645768,,0.041579937304075235,,0.01934169278996865,,0.001,,0.012407523510971788,,0.29112264150943395,,0.36880564263322885,,0.04137898089171975,10.531236363636364,,,,,,,3.9842767295597485,,,2.1730407523510973,,,,0.0026748427672955975,0.45211598746081505,,17.57805642633229,2.3376802507836993,64.70015723270441,0.2895383647798742,10.94754716981132,9.823642172523963,0.287638679245283,15.826213991769547,,,,,,,,,,,,,,,,,,,7.834375,116.58536585365853,,130.72857142857143,,31.553521126760565,0.05698591549295775,0.39211267605633804,17.138591549295775,0.0018028169014084508,0.0011126760563380282,16.763380281690143,0.005732394366197184,0.05525352112676057,0.004450704225352113,0.24281690140845072,0.12761971830985916,1.0961428571428573,0.009816901408450703,105.75633802816901,0.03383098591549296,0.028183098591549296,1.2759154929577465,18.261408450704224,0.5852676056338029,5.537464788732395,0.002676056338028169,,0.001,0.7960140845070423,0.13098591549295777,0.0014647887323943664,117.03239436619717,0.0029859154929577462,0.005309859154929577,0.880943396226415,0.007732394366197184,0.13676478873239437,0.3387605633802817,0.05545070422535211,0.6056338028169014,,28.1,3.4403703703703705,206.875,0.20014925373134326,,,1.0,0.18858333333333333,0.01745771144278607,0.053215000000000005,0.01878507462686567,,,,71.15686274509804,,,,,,,,,,,,,,,,,,0.31214285714285717,,0.005,0.005,,,,,,,,0.05004,0.10111111111111111
2017,52.02865853658537,522.5185714285715,,20.411785714285713,,0.016172043010752687,,,0.015363309352517986,,24.969230769230766,3.5630714285714284,,1.5081654676258993,,0.7055,14.529032258064516,,2.098014440433213,,,,,0.5134963768115942,,1.4143571428571429,,,41.635178571428575,0.8951071428571429,,6.642107142857142,0.507031007751938,0.015878494623655915,,,,,0.005185714285714286,,152.15678571428572,,122.91942857142858,,,12.387086330935253,,,1.6805,,2.658214285714286,851.245,77.05737704918033,11.220967741935484,,7.826594982078853,18.489225,5.940107142857143,,,0.04797080291970803,,0.5137857142857143,,0.004425,7.869285714285715,0.15968928571428573,,0.608682142857143,,1.2220464285714285,,0.17,0.006325,0.40279892857142857,,0.9971892857142858,,0.04416428571428571,,0.020625,,0.001025,,0.0075964285714285726,,0.033525,,0.4171642857142857,,0.05247014388489209,10.85650655021834,,,,,,,4.589642857142857,,,2.2582142857142857,,,,0.002682078853046595,0.5111214285714286,,24.510752688172044,2.741892857142857,70.63382142857144,0.3391573476702509,12.074607142857142,8.760885714285713,0.3372964157706093,17.48575,,,,,,,,,,,,,,,,,,,7.751428571428572,102.55629139072848,,113.65,,40.244827586206895,0.05563793103448276,0.4567241379310345,18.130344827586207,0.002051724137931034,0.0011206896551724137,19.50862068965517,0.005655172413793104,0.0690344827586207,0.004275862068965517,0.3277586206896552,0.18337931034482757,1.126551724137931,0.01596551724137931,142.38103448275862,0.03917241379310345,0.03518965517241379,1.3320689655172415,27.58086206896552,0.5687413793103449,6.922586206896551,0.0029655172413793106,,0.001,0.7722413793103449,0.13655172413793104,0.001586206896551724,121.10689655172413,0.0023793103448275866,0.006017241379310345,1.3505172413793103,0.006293103448275862,0.12679827586206896,0.4001724137931035,0.058413793103448276,0.6913793103448276,,25.015384615384615,2.9593478260869563,173.4,0.21700552486187843,,,1.0,0.20583647798742138,0.020018333333333332,0.05724725274725275,0.02273888888888889,,,,72.17948717948718,,,,,,,,,,,,,,,,,,0.18,,0.005,0.005,,,,,,,,0.05,
2018,52.1360465116279,472.78145454545455,,19.131119133574007,,0.014537906137184116,,,0.013695652173913043,,26.691999999999997,3.281474820143885,,1.4720652173913045,,0.6316920289855072,14.32338129496403,,1.9040072202166063,,,,,0.31642490842490845,,1.371263537906137,,,35.90216606498195,0.875332129963899,,6.614440433212996,0.425286231884058,0.014300359712230214,,,,,0.0047978339350180504,,152.91474820143887,,122.99768953068592,,,9.571258992805754,,,1.5571119133574007,,2.3094545454545456,749.9199275362319,55.07423580786026,11.727717391304347,,7.8627338129496405,18.293136690647483,6.0655755395683455,,,0.044449275362318845,,0.47985559566787,,0.003478260869565217,7.795667870036102,0.1451376811594203,,0.5723007246376812,,1.1827761732851987,,0.17826714801444044,0.0058736462093862815,0.41345090252707584,,0.8886992753623189,,0.03923104693140794,,0.01904693140794224,,0.0010072202166064982,,0.007158844765342961,,0.01748375451263538,,0.3769601449275362,,0.04671195652173913,10.871714285714285,,,,,,,4.528057553956835,,,2.23705035971223,,,,0.0024552346570397114,0.458981884057971,,18.831654676258992,2.739820143884892,70.65823741007195,0.31011985559566785,12.393669064748202,9.238363636363637,0.3073158273381295,15.85945652173913,,,,,,,,,,,,,,,,,,,7.1739999999999995,65.46896551724137,,138.5111111111111,,35.443548387096776,0.05259677419354839,0.4033870967741936,17.27225806451613,0.001935483870967742,0.0011290322580645162,18.17096774193548,0.005467741935483872,0.05730645161290322,0.0045000000000000005,0.2990322580645161,0.1440322580645161,1.069193548387097,0.012112903225806451,115.78225806451613,0.03380645161290323,0.027854838709677417,1.311774193548387,19.848064516129032,0.5717096774193549,6.225806451612903,0.0026451612903225807,,0.001,0.7846129032258065,0.1361290322580645,0.0014516129032258063,120.20967741935483,0.0023387096774193546,0.007806451612903225,1.1358064516129032,0.00632258064516129,0.1317193548387097,0.36951612903225806,0.05296774193548387,0.6870967741935484,,27.048000000000002,3.4985106382978723,335.46153846153845,0.2618010752688172,,,1.0,0.24983536585365854,0.018600537634408602,0.05758064516129033,0.019892125984251968,,,,74.04651162790698,,,,,,,,,,,,,,,,,,0.3,,0.005,0.005,,,,,,,,0.05,
2019,53.82574850299401,526.9167857142858,,19.689178571428574,,0.015760714285714288,,,0.014956989247311828,,29.16923076923077,3.5826334519572955,,1.4968571428571429,,0.6459321428571428,14.153380782918148,,1.980392857142857,,,,,0.4321913357400722,,1.39225,,,35.237321428571434,0.8421071428571428,,6.018464285714286,0.42558214285714285,0.013668214285714287,,,,,0.004982142857142857,,150.72277580071173,,117.69510714285714,,,11.597366548042706,,,1.652,,2.8737410071942446,855.2099999999999,70.19591836734693,11.524626334519573,,7.875571428571428,17.9627615658363,6.034270462633452,,,0.04792831541218638,,0.4974642857142857,,0.004684587813620071,7.723571428571428,0.158125,,0.6001392857142858,,1.2362892857142858,,0.16921428571428573,0.006517857142857143,0.3600389285714286,,0.9889857142857142,,0.045442857142857146,,0.024032142857142856,,0.001,,0.010267857142857143,,0.04573835125448028,,0.41231541218637996,,0.05112964285714286,10.943744292237442,,,,,,,4.321708185053381,,,2.217437722419929,,,,0.002602491103202847,0.46456071428571427,,21.82,2.442526690391459,69.69416370106762,0.2893266903914591,11.012526690391459,9.768078291814946,0.28732918149466197,18.94675,0.012916666666666667,0.05597916666666666,0.012802083333333334,0.005999999999999999,0.008083333333333333,0.0010833333333333335,0.005,0.0028645833333333336,0.27634375,0.06891666666666667,0.005,0.05684375,0.0815625,0.02,0.0078125,0.018875,0.12104166666666667,,8.298,72.69135802469135,,121.35454545454546,,46.832,0.0465,0.3778947368421052,17.480394736842104,0.0024605263157894738,0.0012894736842105263,15.521052631578947,0.006894736842105263,0.10396052631578948,0.0059868421052631585,0.26552631578947367,0.13461842105263158,1.0526315789473684,0.014631578947368423,124.76052631578946,0.06392105263157895,0.040934210526315795,1.2951315789473683,18.758552631578947,0.5732894736842106,5.406184210526316,0.0033157894736842108,,0.0010131578947368421,0.7982763157894737,0.12236842105263158,0.0014342105263157896,117.54868421052633,0.0026447368421052635,0.008539473684210527,1.5167105263157894,0.014118421052631579,0.15266973684210527,0.3728947368421053,0.07669736842105263,0.5828947368421052,,31.292307692307695,3.7225,214.8,0.2076263157894737,,,1.0,0.19182941176470586,0.017882105263157894,0.058015624999999994,0.017849242424242424,,,,76.74318181818181,0.004137931034482759,0.01679310344827586,0.009137931034482759,0.005068965517241379,0.0028965517241379313,0.001,0.004999999999999999,0.0012413793103448277,0.07213793103448277,0.017310344827586206,0.004999999999999999,0.015724137931034485,0.019999999999999997,0.019999999999999997,0.0026551724137931034,0.007068965517241379,0.04620689655172414,0.42,,0.005,0.005,,,,,,,,0.05,
2020,56.795348837209296,250.8739726027397,,17.409178082191783,,0.009602739726027397,,,0.012972602739726027,,23.833333333333332,3.624594594594595,,1.3493150684931507,,0.42923287671232874,12.252702702702702,,1.3972602739726028,,,,,0.22636986301369866,,1.1221917808219177,,,23.102465753424656,0.9308630136986302,,6.3658904109589045,0.4815342465753425,0.01549516129032258,,,,,0.0032054794520547944,,168.03783783783783,,132.78602739726026,,,6.581506849315068,,,1.1120547945205481,,2.3055555555555554,519.0671232876713,150.20689655172413,3.992982456140351,,7.837837837837838,20.40916216216216,6.342837837837838,,,0.04731506849315069,,0.43821917808219174,,0.0030273972602739728,7.405479452054795,0.06756164383561644,,0.17267123287671232,,1.0164383561643835,,0.22479452054794521,0.004589041095890411,0.4832123287671232,,0.3175753424657534,,0.021726027397260272,,0.013,,0.001315068493150685,,0.012849315068493152,,0.024712328767123287,,0.17076712328767124,,0.031132857142857143,14.356851851851852,,,,,,,4.907567567567568,,,2.301891891891892,,,,0.0028351351351351348,0.5025616438356164,,10.447945205479453,2.5752702702702703,77.08391891891893,0.3137337837837838,11.67972972972973,3.075675675675676,0.3115689189189189,9.089178082191781,0.0074,0.02954,0.010820000000000001,0.00526,0.00484,0.001,0.005,0.0019,0.13324,0.03118,0.005,0.02862,0.0496,0.02,0.0042,0.011819999999999999,0.0874,0.0025217391304347826,7.175,88.31111111111112,,132.0,,64.512,0.050359999999999995,0.34600000000000003,15.4524,0.0060799999999999995,0.00248,10.776,0.01056,0.11943999999999999,0.0070799999999999995,0.4068,0.15092,1.2076,0.01776,156.964,0.06976,0.05868,0.958,13.3472,0.6995600000000001,4.505199999999999,0.00524,0.002,0.0014000000000000002,0.7803999999999999,0.1316,0.00188,115.852,0.00368,0.01548,2.6236,0.033159999999999995,0.17715599999999998,0.44160000000000005,0.08996,1.004,0.01886923076923077,23.266666666666666,3.5133333333333336,573.3333333333334,0.23869230769230768,,,1.0,0.20629787234042551,0.021090909090909094,0.0627037037037037,0.024116666666666665,0.125125,0.11099999999999999,,82.79166666666667,0.0037333333333333333,0.015866666666666664,0.006933333333333333,0.005733333333333334,0.002866666666666667,0.001,0.005,0.0016,0.06533333333333333,0.014866666666666667,0.005,0.014733333333333333,0.026000000000000002,0.02,0.002533333333333333,0.007666666666666666,0.07066666666666667,,,0.005,0.005,,,,,,,,0.05000000000000001,
2021,55.45238095238095,709.7521739130435,,20.8636231884058,,0.02340096618357488,,,0.017705314009661837,,24.418333333333333,3.609903381642512,,1.2540579710144926,,0.5547971014492754,13.391304347826088,,2.0897073170731706,,,,,0.716425120772947,,1.5164734299516909,,,36.7692270531401,0.9752753623188406,,2.5211111111111113,0.246719806763285,0.011687745098039217,,,,,0.006106280193236715,,156.22850241545893,,126.63507246376811,,,13.506086956521738,,,2.1058937198067635,,2.7034146341463416,980.092270531401,38.645348837209305,11.513170731707316,,7.901014492753623,19.98314009661836,5.4174444444444445,,,0.052574879227053145,,0.5589855072463767,,0.006855072463768116,5.965700483091788,0.19333816425120773,,0.4865169082125604,,1.4582608695652175,,0.19545893719806764,0.009497584541062802,0.4489613526570048,,0.9282608695652175,,0.05557971014492753,,0.033743961352657004,,0.002,,0.013333333333333334,,0.4583768115942029,,0.40558454106280195,,0.03690053191489361,11.132460317460318,,,,,,,4.298743961352657,,,2.192898550724638,,,0.578,0.0015971014492753624,0.2656116504854369,,27.95735294117647,1.8340096618357487,72.18429951690821,0.12129033816425121,11.26792270531401,9.36551724137931,0.12041304347826087,27.977826086956522,,,,,,,,,,,,,,,,,,0.0026859903381642515,7.525999999999999,49.60550458715596,,118.8,,195.85625000000002,0.050749999999999997,0.42770833333333336,16.741458333333334,0.0134375,0.005145833333333333,8.220833333333333,0.018395833333333333,0.3813125,0.0229375,0.49583333333333335,0.22477083333333334,1.369375,0.05347916666666667,329.7791666666667,0.20247916666666665,0.18104166666666666,1.3254166666666667,30.360416666666666,0.7425,2.398125,0.013041666666666667,0.0025625,0.002,0.9085416666666667,0.11270833333333334,0.0034375,112.85000000000001,0.007604166666666666,0.013333333333333334,7.774166666666667,0.14377083333333332,0.22233333333333336,0.760625,0.18302083333333333,1.5152173913043478,0.010818181818181817,30.083333333333332,3.1046666666666667,197.66666666666666,,,,1.0,0.12948484848484848,0.010226143790849674,0.06497810218978102,0.015354807692307692,0.14050980392156864,0.04972000000000001,,87.3953488372093,,,,,,,,,,,,,,,,,,,,0.005,0.005277777777777778,,,,,,3200.0,,0.05000000000000001,
2022,54.711851851851854,670.6970212765957,,21.062669491525423,,0.02257627118644068,,,0.025597457627118642,,28.80454545454546,3.861906779661017,,1.6864102564102563,,0.651595744680851,14.080084745762711,,2.172,,,,,0.4117021276595745,,1.393177966101695,,,42.604,0.9155296610169491,,5.673617021276596,0.4264425531914894,0.01521404255319149,,,,,0.006334745762711865,,168.0978813559322,,119.07533898305084,,,11.653787234042552,,,2.1608936170212765,,2.9740425531914894,1032.0148936170212,72.67317073170732,11.405128205128205,,7.82572033898305,18.759872881355932,6.063110169491526,,,0.05320762711864407,,0.6080508474576272,,0.005690677966101695,9.398728813559321,0.18485106382978722,,0.461531914893617,,1.445677966101695,,0.19,0.008508474576271187,0.3871186440677966,,0.8975872340425531,,0.05696595744680851,,0.03431489361702127,,0.0020042372881355934,,0.013983050847457629,,0.07438983050847459,,0.39937446808510635,,0.0452905982905983,11.772022471910113,,,,,,,6.221694915254237,,,2.2665254237288135,,,,0.0028872881355932203,0.45799999999999996,,22.93220338983051,5.8875,71.7922033898305,0.2877779661016949,11.568983050847459,9.699871244635194,0.2855902542372881,27.782297872340425,,,,,,,,,,,,,,,,,,0.0026228813559322035,7.2787500000000005,74.24087591240875,,446.2875,,22.504273504273506,0.04835042735042735,0.3758119658119658,14.606495726495726,0.01,0.001606837606837607,12.267521367521367,0.01211111111111111,0.0558974358974359,0.003393162393162393,0.1667241379310345,0.07917948717948717,0.9820000000000001,0.006205128205128205,69.38974358974359,0.03825641025641026,0.08452991452991454,0.9412820512820512,19.25991452991453,0.8041794871794872,2.8145299145299147,0.001965811965811966,0.002111111111111111,0.002008547008547009,0.6888034188034189,0.09379310344827586,0.001564102564102564,91.42717948717949,0.004683760683760684,0.01094017094017094,0.6191452991452991,0.1507304347826087,0.14917948717948717,0.31837606837606836,0.0627094017094017,0.5582608695652174,0.024080281690140846,29.39090909090909,3.613777777777778,177.77777777777777,,,,1.0,0.15995774647887323,0.021594512195121953,0.05907272727272727,0.023228440366972476,0.18559146341463414,0.05385714285714286,,78.43846153846154,,,,,,,,,,,,,,,,,,,99.93333333333334,0.005,0.005,,,,,,,,0.05,
2023,56.763636363636365,885.3728682170544,,25.52829457364341,,0.0295968992248062,,,0.02475968992248062,,30.22631578947368,3.4633689839572193,,1.8288372093023257,,0.7565891472868217,11.872727272727271,,2.600232558139535,,,,,0.5686821705426357,,1.6486046511627905,,,55.76255813953488,1.015581395348837,,5.194651162790698,0.40615508021390373,0.013439679144385026,,,,,0.007589147286821705,,166.26489361702127,,137.77596899224804,,,12.335347593582888,,,2.6616279069767446,,3.852713178294574,1286.4612403100775,71.82926829268293,13.031021505376344,,7.835775401069519,20.014398936170213,6.261973404255319,,,0.059240310077519384,,0.6807751937984496,,0.005883720930232558,10.005426356589147,0.2427286821705426,,0.5846589147286821,,1.6203875968992247,,0.234031007751938,0.010759689922480619,0.46831782945736433,,1.1917596899224805,,0.06965116279069768,,0.037449612403100775,,0.0020232558139534887,,0.014961240310077518,,0.015480620155038758,,0.5196976744186046,,0.0640484375,17.29921568627451,,,,,,,4.865851063829787,,,2.2747340425531912,,,,0.002399468085106383,0.46389304812834226,,25.661497326203207,3.0041489361702127,75.75106382978724,0.2759595744680851,12.436063829787233,10.729787234042554,0.27428457446808513,33.189379844961245,,,,,,,,,,,,,,,,,,0.0032868217054263563,7.609999999999999,80.42477876106194,,222.41333333333333,,43.560759493670886,0.04630379746835443,0.34177215189873417,14.10139240506329,0.01018987341772152,0.0013417721518987342,11.322784810126583,0.013075949367088606,0.06582278481012659,0.004734177215189874,0.1921518987341772,0.08740506329113924,0.8659493670886076,0.010430379746835442,86.89873417721519,0.039848101265822784,0.08987341772151898,0.8579746835443038,17.13873417721519,0.7215063291139241,2.6432911392405063,0.002658227848101266,0.0021139240506329116,0.002,0.6455696202531646,0.11556962025316457,0.001708860759493671,79.95645569620254,0.005645569620253164,0.011139240506329114,1.3337974683544305,0.010202531645569621,0.15620253164556963,0.349873417721519,0.05916455696202532,0.5632911392405063,0.016748214285714286,30.378947368421056,3.3910526315789475,43.2,,,,1.0,0.15114285714285716,0.015994029850746272,0.06149264705882353,0.019329545454545457,0.21622388059701492,0.056999999999999995,,76.65555555555555,,,,,,,,,,,,,,,,,,,81.95,0.005238095238095238,0.005238095238095238,,,,,,,,0.05,
